{
  "mu": 0.8,
  "eps": 0.6,
  "x0_final": 1.1884560770604188e-21,
  "x1_final": 1.1884560770604188e-21,
  "lambda_theory": -0.2231435513142097,
  "lambda_est": -0.2231435513142097
}