{
  "mu": 1.9,
  "eps": 1.1,
  "lambda_theory": 0.6418538861723947,
  "lambda_est_plus": 0.6418538861723946,
  "lambda_est_minus": 0.6418538861723946
}