{
  "eps": [
    0.0,
    0.03389830508474576,
    0.06779661016949153,
    0.1016949152542373,
    0.13559322033898305,
    0.1694915254237288,
    0.2033898305084746,
    0.23728813559322035,
    0.2711864406779661,
    0.3050847457627119,
    0.3389830508474576,
    0.3728813559322034,
    0.4067796610169492,
    0.4406779661016949,
    0.4745762711864407,
    0.5084745762711864,
    0.5423728813559322,
    0.576271186440678,
    0.6101694915254238,
    0.6440677966101694,
    0.6779661016949152,
    0.711864406779661,
    0.7457627118644068,
    0.7796610169491526,
    0.8135593220338984,
    0.847457627118644,
    0.8813559322033898,
    0.9152542372881356,
    0.9491525423728814,
    0.9830508474576272,
    1.0169491525423728,
    1.0508474576271187,
    1.0847457627118644,
    1.11864406779661,
    1.152542372881356,
    1.1864406779661016,
    1.2203389830508475,
    1.2542372881355932,
    1.2881355932203389,
    1.3220338983050848,
    1.3559322033898304,
    1.3898305084745763,
    1.423728813559322,
    1.4576271186440677,
    1.4915254237288136,
    1.5254237288135593,
    1.5593220338983051,
    1.5932203389830508,
    1.6271186440677967,
    1.6610169491525424,
    1.694915254237288,
    1.728813559322034,
    1.7627118644067796,
    1.7966101694915255,
    1.8305084745762712,
    1.8644067796610169,
    1.8983050847457628,
    1.9322033898305084,
    1.9661016949152543,
    2.0
  ],
  "p_infty": [
    1.0,
    1.0,
    1.0,
    1.0,
    1.0,
    1.0,
    1.0,
    1.0,
    1.0,
    1.0,
    1.0,
    1.0,
    1.0,
    0.5,
    0.5,
    0.5,
    0.5,
    0.5,
    0.5,
    0.5,
    0.5,
    0.5,
    0.5,
    0.5,
    0.5,
    0.5,
    0.5,
    0.5,
    0.5,
    0.5,
    0.5059199999999999,
    0.011839999999999962,
    0.0023400000000000087,
    0.0,
    0.0,
    0.0,
    0.0,
    0.0,
    0.0,
    0.0,
    0.0,
    0.0,
    0.0,
    0.0,
    0.0,
    0.0,
    0.0,
    0.0,
    0.0,
    0.0,
    0.0,
    0.0,
    0.0,
    0.0,
    0.0,
    0.0,
    0.0,
    0.0,
    0.0,
    0.0
  ],
  "sigma_bar": [
    0.40178185461834753,
    0.40500321334853046,
    0.40515295617671837,
    0.40361815880456997,
    0.401214955054662,
    0.3991537385454718,
    0.3950706894825672,
    0.38985620731787096,
    0.3829367479042332,
    0.37606307525970334,
    0.3688436596455952,
    0.36101729805298644,
    0.35245212356345873,
    0.02597502745524003,
    0.0007456854060195943,
    0.000364082322931512,
    0.00024197733169363511,
    0.00017149559893979386,
    0.00011878007101129837,
    8.638497670211116e-05,
    6.580750199314061e-05,
    5.034302114503274e-05,
    3.877543347147903e-05,
    2.991771902547508e-05,
    2.2872026301016988e-05,
    1.6938023999388434e-05,
    1.2102729713255678e-05,
    7.98278558233552e-06,
    4.442864756066363e-06,
    1.3803675616319509e-06,
    1.3808062949392242e-06,
    4.438887005284547e-06,
    7.97410606474426e-06,
    1.2098947917008223e-05,
    1.694478251603092e-05,
    2.2784523514331085e-05,
    2.990868170376645e-05,
    3.892004452794672e-05,
    5.030045382149544e-05,
    6.561709228863026e-05,
    8.670736122080944e-05,
    0.00011733738809492716,
    0.00017135310412147556,
    0.0002485524452269789,
    0.0004507343559624152,
    0.0007357576026999622,
    0.3406239550921869,
    0.3451910452794909,
    0.3480772567892768,
    0.35522848186638145,
    0.3605932056733623,
    0.3662178427473032,
    0.36967300996869573,
    0.3692910614540574,
    0.36944707219617323,
    0.374326146296344,
    0.38023955613024474,
    0.38446906632285427,
    0.3903770737457843,
    0.39228368252018075
  ],
  "M_bar": [
    0.0,
    0.0,
    0.0,
    0.0,
    0.0,
    0.0,
    0.0,
    0.0,
    0.0,
    0.0,
    0.0,
    0.0,
    0.0,
    0.9963444159999999,
    0.9977906240000001,
    0.9984613680000001,
    0.998608584,
    0.998536296,
    0.9988295920000001,
    0.998676512,
    0.9991170399999999,
    0.9991237280000002,
    0.9992534719999999,
    0.9992675360000001,
    0.9992756799999999,
    0.9994667600000001,
    0.9995201440000001,
    0.99949044,
    0.9996,
    0.9998,
    0.999802368,
    0.999604736,
    0.999600936,
    0.999047168,
    0.999445752,
    0.999373888,
    0.999317016,
    0.9992306479999999,
    0.99842528,
    0.999159504,
    0.998700216,
    0.9985471440000001,
    0.998503664,
    0.9985952079999999,
    0.9972060160000001,
    0.998163592,
    1.6000000000000043e-07,
    1.7920000000000067e-06,
    3.5200000000006753e-07,
    7.759999999999988e-06,
    1.0303999999999939e-05,
    3.5408000000000045e-05,
    7.551999999999878e-06,
    7.490399999999999e-05,
    0.00015804799999999993,
    0.0002686479999999999,
    0.00010580000000000012,
    9.444800000000012e-05,
    7.823999999999976e-06,
    4.763199999999987e-05
  ],
  "escaped_frac": [
    0.0,
    0.0,
    0.0,
    0.0,
    0.0,
    0.0,
    0.0,
    0.0,
    0.0,
    0.0,
    0.0,
    0.0,
    0.0,
    0.0,
    0.0,
    0.0,
    0.0,
    0.0,
    0.0,
    0.0,
    0.0,
    0.0,
    0.0,
    0.0,
    0.0,
    0.0,
    0.0,
    0.0,
    0.0,
    0.0,
    0.0,
    0.0,
    0.0,
    0.0,
    0.0,
    0.0,
    0.0,
    0.0,
    0.0,
    0.0,
    0.0,
    0.0,
    0.0,
    0.0,
    0.0,
    0.0,
    0.0,
    0.0,
    0.0,
    0.0,
    0.0,
    0.0,
    0.0,
    0.0,
    0.0,
    0.0,
    0.0,
    0.0,
    0.0,
    0.0
  ]
}