{
  "eps": [
    0.0,
    0.03389830508474576,
    0.06779661016949153,
    0.1016949152542373,
    0.13559322033898305,
    0.1694915254237288,
    0.2033898305084746,
    0.23728813559322035,
    0.2711864406779661,
    0.3050847457627119,
    0.3389830508474576,
    0.3728813559322034,
    0.4067796610169492,
    0.4406779661016949,
    0.4745762711864407,
    0.5084745762711864,
    0.5423728813559322,
    0.576271186440678,
    0.6101694915254238,
    0.6440677966101694,
    0.6779661016949152,
    0.711864406779661,
    0.7457627118644068,
    0.7796610169491526,
    0.8135593220338984,
    0.847457627118644,
    0.8813559322033898,
    0.9152542372881356,
    0.9491525423728814,
    0.9830508474576272,
    1.0169491525423728,
    1.0508474576271187,
    1.0847457627118644,
    1.11864406779661,
    1.152542372881356,
    1.1864406779661016,
    1.2203389830508475,
    1.2542372881355932,
    1.2881355932203389,
    1.3220338983050848,
    1.3559322033898304,
    1.3898305084745763,
    1.423728813559322,
    1.4576271186440677,
    1.4915254237288136,
    1.5254237288135593,
    1.5593220338983051,
    1.5932203389830508,
    1.6271186440677967,
    1.6610169491525424,
    1.694915254237288,
    1.728813559322034,
    1.7627118644067796,
    1.7966101694915255,
    1.8305084745762712,
    1.8644067796610169,
    1.8983050847457628,
    1.9322033898305084,
    1.9661016949152543,
    2.0
  ],
  "p_infty": [
    1.0,
    1.0,
    1.0,
    1.0,
    1.0,
    1.0,
    1.0,
    1.0,
    1.0,
    1.0,
    1.0,
    1.0,
    1.0,
    0.5,
    0.5,
    0.5,
    0.5,
    0.5,
    0.5,
    0.5,
    0.5,
    0.5,
    0.5,
    0.5,
    0.5,
    0.5,
    0.5,
    0.5,
    0.5,
    0.5,
    0.5059199999999999,
    0.011839999999999962,
    0.0023400000000000087,
    0.0,
    0.0,
    0.0,
    0.0,
    0.0,
    0.0,
    0.0,
    0.0,
    0.0,
    0.0,
    0.0,
    0.0,
    0.0,
    0.0,
    0.0,
    0.0,
    0.0,
    0.0,
    0.0,
    0.0,
    0.0,
    0.0,
    0.0,
    0.0,
    0.0,
    0.0,
    0.0
  ],
  "sigma_bar": [
    0.40178185461834753,
    0.4050068607424874,
    0.4051505546121436,
    0.4036181493496558,
    0.4012152066648183,
    0.39915311210551235,
    0.39507094091562756,
    0.3898556458802468,
    0.38293662465823397,
    0.37606309313982444,
    0.3688438337098228,
    0.361017302183611,
    0.3524518919712659,
    0.026814397126797087,
    0.0007659431301871985,
    0.0003640823229315158,
    0.00024197733169366363,
    0.0001714955989398011,
    0.00011878007101130741,
    8.638497670211592e-05,
    6.58075019931479e-05,
    5.0343021145040656e-05,
    3.87754334714849e-05,
    2.991771902548346e-05,
    2.2872026301020803e-05,
    1.6938023999389196e-05,
    1.2102729713257217e-05,
    7.982785582333613e-06,
    4.442864756064137e-06,
    1.380367561628695e-06,
    1.3808062949366555e-06,
    4.438887005279164e-06,
    7.974106064736021e-06,
    1.2098947916999973e-05,
    1.69447825160191e-05,
    2.2784523514319925e-05,
    2.9908681703754158e-05,
    3.892004452793384e-05,
    5.0300453821480486e-05,
    6.561709228861599e-05,
    8.670736122079657e-05,
    0.00011733738809491464,
    0.00017135310412146114,
    0.0002485524452268152,
    0.0004507343559580189,
    0.0007256549409714842,
    0.34069297633082535,
    0.34363449097478743,
    0.3476753634770908,
    0.35502417474890124,
    0.36079790759527514,
    0.3661611990284743,
    0.36997112986619896,
    0.36868492341904296,
    0.3688678119148884,
    0.374382732512656,
    0.3808170609611576,
    0.38405981269021966,
    0.38998702074062114,
    0.3923325533609408
  ],
  "M_bar": [
    0.0,
    0.0,
    0.0,
    0.0,
    0.0,
    0.0,
    0.0,
    0.0,
    0.0,
    0.0,
    0.0,
    0.0,
    0.0,
    0.9963444159999999,
    0.9977906240000001,
    0.9984613680000001,
    0.998608584,
    0.998536296,
    0.9988295920000001,
    0.998676512,
    0.9991170399999999,
    0.9991237280000002,
    0.9992534719999999,
    0.9992675360000001,
    0.9992756799999999,
    0.9994667600000001,
    0.9995201440000001,
    0.99949044,
    0.9996,
    0.9998,
    0.999802368,
    0.999604736,
    0.999600936,
    0.999047168,
    0.999445752,
    0.999373888,
    0.999317016,
    0.9992306479999999,
    0.99842528,
    0.999159504,
    0.998700216,
    0.9985471440000001,
    0.998503664,
    0.9985952079999999,
    0.9972060160000001,
    0.998163592,
    1.6000000000000043e-07,
    1.2879999999999998e-06,
    3.9199999999999845e-06,
    4.688000000000053e-06,
    4.6639999999999514e-06,
    4.2792e-05,
    2.6463999999999955e-05,
    8.05920000000001e-05,
    3.8775999999999976e-05,
    7.087200000000001e-05,
    6.799999999999937e-06,
    4.70879999999999e-05,
    0.00020003200000000003,
    7.696800000000001e-05
  ],
  "escaped_frac": [
    0.0,
    0.0,
    0.0,
    0.0,
    0.0,
    0.0,
    0.0,
    0.0,
    0.0,
    0.0,
    0.0,
    0.0,
    0.0,
    0.0,
    0.0,
    0.0,
    0.0,
    0.0,
    0.0,
    0.0,
    0.0,
    0.0,
    0.0,
    0.0,
    0.0,
    0.0,
    0.0,
    0.0,
    0.0,
    0.0,
    0.0,
    0.0,
    0.0,
    0.0,
    0.0,
    0.0,
    0.0,
    0.0,
    0.0,
    0.0,
    0.0,
    0.0,
    0.0,
    0.0,
    0.0,
    0.0,
    0.0,
    0.0,
    0.0,
    0.0,
    0.0,
    0.0,
    0.0,
    0.0,
    0.0,
    0.0,
    0.0,
    0.0,
    0.0,
    0.0
  ]
}