{
  "eps": [
    0.0,
    0.04878048780487805,
    0.0975609756097561,
    0.14634146341463417,
    0.1951219512195122,
    0.24390243902439024,
    0.29268292682926833,
    0.34146341463414637,
    0.3902439024390244,
    0.43902439024390244,
    0.4878048780487805,
    0.5365853658536586,
    0.5853658536585367,
    0.6341463414634146,
    0.6829268292682927,
    0.7317073170731707,
    0.7804878048780488,
    0.8292682926829269,
    0.8780487804878049,
    0.926829268292683,
    0.975609756097561,
    1.024390243902439,
    1.0731707317073171,
    1.1219512195121952,
    1.1707317073170733,
    1.2195121951219512,
    1.2682926829268293,
    1.3170731707317074,
    1.3658536585365855,
    1.4146341463414636,
    1.4634146341463414,
    1.5121951219512195,
    1.5609756097560976,
    1.6097560975609757,
    1.6585365853658538,
    1.7073170731707317,
    1.7560975609756098,
    1.8048780487804879,
    1.853658536585366,
    1.902439024390244,
    1.951219512195122,
    2.0
  ],
  "p_infty": [
    1.0,
    1.0,
    1.0,
    1.0,
    1.0,
    1.0,
    1.0,
    1.0,
    1.0,
    0.5,
    0.5,
    0.5,
    0.5,
    0.5,
    0.5,
    0.5,
    0.5,
    0.5,
    0.5,
    0.5,
    0.5,
    0.5,
    0.011900000000000022,
    0.0,
    0.0,
    0.0,
    0.0,
    0.0,
    0.0,
    0.0,
    0.0,
    0.0,
    0.0,
    0.0,
    0.0,
    0.0,
    0.0,
    0.0,
    0.0,
    0.0,
    0.0,
    0.0
  ],
  "sigma_bar": [
    0.40178594917963895,
    0.4056085416341946,
    0.40372925836222356,
    0.4008213955194745,
    0.3961249279609126,
    0.38857284379450857,
    0.378470977623599,
    0.36814870248253295,
    0.3564993263072064,
    0.028031394036125534,
    0.0014872307360387679,
    0.0008935263042579344,
    0.0005145190856962632,
    0.00031574402060006854,
    0.00020968522889800996,
    0.00014367310414561306,
    9.915504471690926e-05,
    6.659301822914383e-05,
    4.179880364098739e-05,
    2.230122145372336e-05,
    6.762464191784426e-06,
    6.76150242632007e-06,
    2.2287712426500665e-05,
    4.1803064577558e-05,
    6.695201689872697e-05,
    9.958539540737162e-05,
    0.00014443318355838886,
    0.0002086834209814229,
    0.00031503581957185577,
    0.0005089914491961307,
    0.0009350653511885945,
    0.0014757779205006886,
    0.3404744462211266,
    0.34274504055080085,
    0.35336263312773764,
    0.36212470141751507,
    0.36982434715273066,
    0.3692011651849392,
    0.37360977744442797,
    0.3805076618118411,
    0.3867494084022658,
    0.3925796826240136
  ],
  "M_bar": [
    0.0,
    0.0,
    0.0,
    0.0,
    0.0,
    0.0,
    0.0,
    0.0,
    0.0,
    0.9924018666666667,
    0.9949566666666666,
    0.9961358666666666,
    0.9932465333333333,
    0.9946138666666666,
    0.9964786666666667,
    0.9974512,
    0.9981469333333333,
    0.9972827999999999,
    0.9987061333333335,
    0.9988770666666666,
    0.9993333333333333,
    0.9993333333333333,
    0.9986825333333333,
    0.9984185333333333,
    0.9979248000000001,
    0.9977216,
    0.9974998666666667,
    0.9953806666666666,
    0.9956060000000001,
    0.9936056,
    0.9956655999999999,
    0.9952138666666667,
    1.333333333333334e-07,
    6.26666666666668e-06,
    3.6000000000001286e-06,
    6.666666666666973e-07,
    2.5066666666666523e-05,
    5.74666666666666e-05,
    0.00024999999999999984,
    9.600000000000017e-05,
    0.0003086666666666667,
    9.373333333333356e-05
  ],
  "escaped_frac": [
    0.0,
    0.0,
    0.0,
    0.0,
    0.0,
    0.0,
    0.0,
    0.0,
    0.0,
    0.0,
    0.0,
    0.0,
    0.0,
    0.0,
    0.0,
    0.0,
    0.0,
    0.0,
    0.0,
    0.0,
    0.0,
    0.0,
    0.0,
    0.0,
    0.0,
    0.0,
    0.0,
    0.0,
    0.0,
    0.0,
    0.0,
    0.0,
    0.0,
    0.0,
    0.0,
    0.0,
    0.0,
    0.0,
    0.0,
    0.0,
    0.0,
    0.0
  ]
}