{
  "eps": [
    0.0,
    0.04878048780487805,
    0.0975609756097561,
    0.14634146341463417,
    0.1951219512195122,
    0.24390243902439024,
    0.29268292682926833,
    0.34146341463414637,
    0.3902439024390244,
    0.43902439024390244,
    0.4878048780487805,
    0.5365853658536586,
    0.5853658536585367,
    0.6341463414634146,
    0.6829268292682927,
    0.7317073170731707,
    0.7804878048780488,
    0.8292682926829269,
    0.8780487804878049,
    0.926829268292683,
    0.975609756097561,
    1.024390243902439,
    1.0731707317073171,
    1.1219512195121952,
    1.1707317073170733,
    1.2195121951219512,
    1.2682926829268293,
    1.3170731707317074,
    1.3658536585365855,
    1.4146341463414636,
    1.4634146341463414,
    1.5121951219512195,
    1.5609756097560976,
    1.6097560975609757,
    1.6585365853658538,
    1.7073170731707317,
    1.7560975609756098,
    1.8048780487804879,
    1.853658536585366,
    1.902439024390244,
    1.951219512195122,
    2.0
  ],
  "p_infty": [
    1.0,
    1.0,
    1.0,
    1.0,
    1.0,
    1.0,
    1.0,
    1.0,
    1.0,
    0.5,
    0.5,
    0.5,
    0.5,
    0.5,
    0.5,
    0.5,
    0.5,
    0.5,
    0.5,
    0.5,
    0.5,
    0.5,
    0.011900000000000022,
    0.0,
    0.0,
    0.0,
    0.0,
    0.0,
    0.0,
    0.0,
    0.0,
    0.0,
    0.0,
    0.0,
    0.0,
    0.0,
    0.0,
    0.0,
    0.0,
    0.0,
    0.0,
    0.0
  ],
  "sigma_bar": [
    0.40178594917963895,
    0.4056121528892369,
    0.40373787644275444,
    0.40082559639772253,
    0.3961284558451225,
    0.3885763897409206,
    0.3784707558367091,
    0.368149150939722,
    0.35649871779412207,
    0.027408337556244958,
    0.0014949756433625416,
    0.0008935263042579621,
    0.0005145190856962519,
    0.0003157440206000583,
    0.00020968522889799554,
    0.000143673104145601,
    9.915504471689492e-05,
    6.659301822912778e-05,
    4.1798803640969745e-05,
    2.2301221453707025e-05,
    6.7624641917672436e-06,
    6.761502426302038e-06,
    2.2287712426486167e-05,
    4.180306457754798e-05,
    6.69520168987198e-05,
    9.95853954073645e-05,
    0.0001444331835583841,
    0.00020868342098141662,
    0.00031503581957185127,
    0.0005089914491961396,
    0.0009350653511885248,
    0.0014680469695776137,
    0.3404890730530642,
    0.3430295884370822,
    0.35509134961366906,
    0.36281978226360106,
    0.3695770363532246,
    0.3691575121929302,
    0.37202946077680854,
    0.3816786702283731,
    0.38672340121591847,
    0.3927502452906528
  ],
  "M_bar": [
    0.0,
    0.0,
    0.0,
    0.0,
    0.0,
    0.0,
    0.0,
    0.0,
    0.0,
    0.9924018666666667,
    0.9949566666666666,
    0.9961358666666666,
    0.9932465333333333,
    0.9946138666666666,
    0.9964786666666667,
    0.9974512,
    0.9981469333333333,
    0.9972827999999999,
    0.9987061333333335,
    0.9988770666666666,
    0.9993333333333333,
    0.9993333333333333,
    0.9986825333333333,
    0.9984185333333333,
    0.9979248000000001,
    0.9977216,
    0.9974998666666667,
    0.9953806666666666,
    0.9956060000000001,
    0.9936056,
    0.9956655999999999,
    0.9952138666666667,
    2.666666666666668e-07,
    6.26666666666668e-06,
    8.399999999999994e-06,
    4.11999999999999e-05,
    4.6800000000000006e-05,
    8.22666666666669e-05,
    0.00013573333333333318,
    0.0006421333333333331,
    0.0014524000000000002,
    0.00030346666666666665
  ],
  "escaped_frac": [
    0.0,
    0.0,
    0.0,
    0.0,
    0.0,
    0.0,
    0.0,
    0.0,
    0.0,
    0.0,
    0.0,
    0.0,
    0.0,
    0.0,
    0.0,
    0.0,
    0.0,
    0.0,
    0.0,
    0.0,
    0.0,
    0.0,
    0.0,
    0.0,
    0.0,
    0.0,
    0.0,
    0.0,
    0.0,
    0.0,
    0.0,
    0.0,
    0.0,
    0.0,
    0.0,
    0.0,
    0.0,
    0.0,
    0.0,
    0.0,
    0.0,
    0.0
  ]
}