{"0.2": 0.6418538861723946, "0.7": 0.6418538861723946, "1.1": 0.6418538861723946, "1.6": 0.6418538861723946}