{
  "mu": [
    -2.5,
    -2.5,
    -2.5,
    -2.5,
    -2.5,
    -2.5,
    -2.5,
    -2.5,
    -2.5,
    -2.5,
    -2.5,
    -1.6,
    -1.6,
    -1.6,
    -1.6,
    -1.6,
    -1.6,
    -1.6,
    -1.6,
    -1.6,
    -1.6,
    -1.6,
    -0.8,
    -0.8,
    -0.8,
    -0.8,
    -0.8,
    -0.8,
    -0.8,
    -0.8,
    -0.8,
    -0.8,
    -0.8,
    -0.5,
    -0.5,
    -0.5,
    -0.5,
    -0.5,
    -0.5,
    -0.5,
    -0.5,
    -0.5,
    -0.5,
    -0.5,
    0.5,
    0.5,
    0.5,
    0.5,
    0.5,
    0.5,
    0.5,
    0.5,
    0.5,
    0.5,
    0.5,
    0.8,
    0.8,
    0.8,
    0.8,
    0.8,
    0.8,
    0.8,
    0.8,
    0.8,
    0.8,
    0.8,
    1.1,
    1.1,
    1.1,
    1.1,
    1.1,
    1.1,
    1.1,
    1.1,
    1.1,
    1.1,
    1.1,
    1.9,
    1.9,
    1.9,
    1.9,
    1.9,
    1.9,
    1.9,
    1.9,
    1.9,
    1.9,
    1.9,
    2.5,
    2.5,
    2.5,
    2.5,
    2.5,
    2.5,
    2.5,
    2.5,
    2.5,
    2.5,
    2.5
  ],
  "eps": [
    0.0,
    0.2,
    0.4,
    0.6000000000000001,
    0.8,
    1.0,
    1.2000000000000002,
    1.4000000000000001,
    1.6,
    1.8,
    2.0,
    0.0,
    0.2,
    0.4,
    0.6000000000000001,
    0.8,
    1.0,
    1.2000000000000002,
    1.4000000000000001,
    1.6,
    1.8,
    2.0,
    0.0,
    0.2,
    0.4,
    0.6000000000000001,
    0.8,
    1.0,
    1.2000000000000002,
    1.4000000000000001,
    1.6,
    1.8,
    2.0,
    0.0,
    0.2,
    0.4,
    0.6000000000000001,
    0.8,
    1.0,
    1.2000000000000002,
    1.4000000000000001,
    1.6,
    1.8,
    2.0,
    0.0,
    0.2,
    0.4,
    0.6000000000000001,
    0.8,
    1.0,
    1.2000000000000002,
    1.4000000000000001,
    1.6,
    1.8,
    2.0,
    0.0,
    0.2,
    0.4,
    0.6000000000000001,
    0.8,
    1.0,
    1.2000000000000002,
    1.4000000000000001,
    1.6,
    1.8,
    2.0,
    0.0,
    0.2,
    0.4,
    0.6000000000000001,
    0.8,
    1.0,
    1.2000000000000002,
    1.4000000000000001,
    1.6,
    1.8,
    2.0,
    0.0,
    0.2,
    0.4,
    0.6000000000000001,
    0.8,
    1.0,
    1.2000000000000002,
    1.4000000000000001,
    1.6,
    1.8,
    2.0,
    0.0,
    0.2,
    0.4,
    0.6000000000000001,
    0.8,
    1.0,
    1.2000000000000002,
    1.4000000000000001,
    1.6,
    1.8,
    2.0
  ],
  "label": [
    "nonsync",
    "nonsync",
    "nonsync",
    "nonsync",
    "sync_chaos",
    "sync_chaos",
    "sync_chaos",
    "nonsync",
    "nonsync",
    "nonsync",
    "nonsync",
    "nonsync",
    "nonsync",
    "nonsync",
    "sync_chaos",
    "sync_chaos",
    "sync_chaos",
    "sync_chaos",
    "sync_chaos",
    "nonsync",
    "nonsync",
    "nonsync",
    "sync_stat",
    "sync_stat",
    "sync_stat",
    "sync_stat",
    "sync_stat",
    "sync_stat",
    "sync_stat",
    "sync_stat",
    "sync_stat",
    "sync_stat",
    "sync_stat",
    "sync_stat",
    "sync_stat",
    "sync_stat",
    "sync_stat",
    "sync_stat",
    "sync_stat",
    "sync_stat",
    "sync_stat",
    "sync_stat",
    "sync_stat",
    "sync_stat",
    "sync_stat",
    "sync_stat",
    "sync_stat",
    "sync_stat",
    "sync_stat",
    "sync_stat",
    "sync_stat",
    "sync_stat",
    "sync_stat",
    "sync_stat",
    "sync_stat",
    "sync_stat",
    "sync_stat",
    "sync_stat",
    "sync_stat",
    "sync_stat",
    "sync_stat",
    "sync_stat",
    "sync_stat",
    "sync_stat",
    "sync_stat",
    "sync_stat",
    "nonsync",
    "nonsync",
    "sync_chaos",
    "sync_chaos",
    "sync_chaos",
    "sync_chaos",
    "sync_chaos",
    "sync_chaos",
    "sync_chaos",
    "nonsync",
    "nonsync",
    "nonsync",
    "nonsync",
    "nonsync",
    "sync_chaos",
    "sync_chaos",
    "sync_chaos",
    "sync_chaos",
    "sync_chaos",
    "nonsync",
    "nonsync",
    "nonsync",
    "nonsync",
    "nonsync",
    "nonsync",
    "nonsync",
    "sync_chaos",
    "sync_chaos",
    "sync_chaos",
    "nonsync",
    "nonsync",
    "nonsync",
    "nonsync"
  ]
}