{"0.2": {"mean": 0.3890925370235206, "std": 0.07122534878633574, "min": 0.24418854911597523, "max": 0.5064624760829275}, "0.7": {"mean": -0.367086384574714, "std": 0.15947113713442718, "min": -0.6333144262001668, "max": -0.06336925688634976}, "1.1": {"mean": -0.3712524526410601, "std": 0.15596045612313233, "min": -0.6332718303514249, "max": -0.06345018899895938}, "1.6": {"mean": 0.006553171094954214, "std": 0.3408507713377819, "min": -0.41898496103455596, "max": 0.43513201215666514}}